GEO.id,GEO.id2,GEO.display-label,HD01_VD01,HD02_VD01,HD01_VD02,HD02_VD02,HD01_VD03,HD02_VD03,HD01_VD04,HD02_VD04,HD01_VD05,HD02_VD05,HD01_VD06,HD02_VD06,HD01_VD07,HD02_VD07,HD01_VD08,HD02_VD08,HD01_VD09,HD02_VD09,HD01_VD10,HD02_VD10
Id,Id2,Geography,Estimate; Total:,Margin of Error; Total:,Estimate; Enrolled in school:,Margin of Error; Enrolled in school:,"Estimate; Enrolled in school: - Enrolled in nursery school, preschool","Margin of Error; Enrolled in school: - Enrolled in nursery school, preschool",Estimate; Enrolled in school: - Enrolled in kindergarten,Margin of Error; Enrolled in school: - Enrolled in kindergarten,Estimate; Enrolled in school: - Enrolled in grade 1 to grade 4,Margin of Error; Enrolled in school: - Enrolled in grade 1 to grade 4,Estimate; Enrolled in school: - Enrolled in grade 5 to grade 8,Margin of Error; Enrolled in school: - Enrolled in grade 5 to grade 8,Estimate; Enrolled in school: - Enrolled in grade 9 to grade 12,Margin of Error; Enrolled in school: - Enrolled in grade 9 to grade 12,"Estimate; Enrolled in school: - Enrolled in college, undergraduate years","Margin of Error; Enrolled in school: - Enrolled in college, undergraduate years",Estimate; Enrolled in school: - Graduate or professional school,Margin of Error; Enrolled in school: - Graduate or professional school,Estimate; Not enrolled in school,Margin of Error; Not enrolled in school
0400000US25,25,Massachusetts,6530783,2033,1748398,5083,111126,2049,78297,2072,301022,3070,319730,2931,343004,2123,455766,3771,139453,2980,4782385,4879
0500000US25001,25001,"Barnstable County, Massachusetts",209869,312,40016,779,2559,316,1775,294,7532,361,8310,448,9449,408,8316,580,2075,356,169853,750
0500000US25003,25003,"Berkshire County, Massachusetts",125242,221,29097,554,1687,216,1421,208,4927,363,5148,357,6309,290,8259,493,1346,205,96145,517
0500000US25005,25005,"Bristol County, Massachusetts",538603,729,136658,1309,9989,652,5890,541,26588,918,26298,846,29649,659,32315,1197,5929,575,401945,1138
0500000US25007,25007,"Dukes County, Massachusetts",16713,102,3093,205,235,91,176,124,741,122,832,170,844,179,230,121,35,42,13620,177
0500000US25009,25009,"Essex County, Massachusetts",744256,649,192564,1800,12637,682,9124,680,36326,992,39885,1105,42200,770,42718,1243,9674,831,551692,1632
0500000US25011,25011,"Franklin County, Massachusetts",68889,143,15054,394,816,164,738,153,2790,214,3019,242,3328,142,3226,333,1137,206,53835,406
0500000US25013,25013,"Hampden County, Massachusetts",452530,468,122028,1388,7596,540,5634,572,22859,887,24452,980,26529,661,29899,1028,5059,545,330502,1428
0500000US25015,25015,"Hampshire County, Massachusetts",157879,260,57132,782,1799,279,1368,253,5716,389,5905,362,6315,371,32401,848,3628,379,100747,739
0500000US25017,25017,"Middlesex County, Massachusetts",1515721,1007,413835,2491,29291,991,18002,750,69222,1206,72488,1214,77123,1016,101097,2255,46612,1401,1101886,2559
0500000US25019,25019,"Nantucket County, Massachusetts",10397,81,2303,238,151,46,118,77,560,120,387,122,450,94,472,133,165,63,8094,237
0500000US25021,25021,"Norfolk County, Massachusetts",669630,551,180418,1794,13372,654,8322,557,33120,1058,35633,990,36732,764,39085,1383,14154,851,489212,1654
0500000US25023,25023,"Plymouth County, Massachusetts",490934,614,127644,1335,8844,653,6220,515,24900,850,27038,844,29916,648,25199,1085,5527,521,363290,1432
0500000US25025,25025,"Suffolk County, Massachusetts",742418,750,216973,1956,9067,613,10052,803,26804,925,27914,1087,29011,776,82636,1510,31489,1410,525445,1983
0500000US25027,25027,"Worcester County, Massachusetts",787702,660,211583,2117,13083,843,9457,724,38937,1018,42421,1113,45149,779,49913,1570,12623,809,576119,2097
0600000US2500100000,2500100000,"County subdivisions not defined, Barnstable County, Massachusetts",0,12,0,12,0,12,0,12,0,12,0,12,0,12,0,12,0,12,0,12
0600000US2500103690,2500103690,"Barnstable Town city, Barnstable County, Massachusetts",43494,252,9031,519,590,173,385,178,1607,256,1817,302,2271,338,1881,311,480,152,34463,506
0600000US2500107175,2500107175,"Bourne town, Barnstable County, Massachusetts",19453,111,4556,382,220,108,144,85,723,161,810,174,1271,199,1216,273,172,76,14897,397
0600000US2500107980,2500107980,"Brewster town, Barnstable County, Massachusetts",9680,144,1608,246,133,100,159,111,374,150,375,130,295,111,235,143,37,39,8072,248
0600000US2500112995,2500112995,"Chatham town, Barnstable County, Massachusetts",5948,124,959,182,79,59,25,39,152,77,187,87,195,92,233,109,88,66,4989,223
0600000US2500116775,2500116775,"Dennis town, Barnstable County, Massachusetts",13750,127,1773,318,174,106,32,30,319,97,282,92,323,96,521,213,122,54,11977,321
0600000US2500119295,2500119295,"Eastham town, Barnstable County, Massachusetts",4854,53,598,142,77,58,7,13,109,68,87,66,203,81,109,67,6,9,4256,140
0600000US2500123105,2500123105,"Falmouth town, Barnstable County, Massachusetts",30825,189,5912,543,389,129,397,144,1430,244,1429,249,989,215,912,233,366,175,24913,538
0600000US2500129020,2500129020,"Harwich town, Barnstable County, Massachusetts",11913,121,2337,267,138,71,50,39,342,84,517,123,669,162,575,207,46,32,9576,246
0600000US2500139100,2500139100,"Mashpee town, Barnstable County, Massachusetts",13824,103,2554,233,103,61,58,36,416,117,644,126,725,171,545,147,63,39,11270,251
0600000US2500151440,2500151440,"Orleans town, Barnstable County, Massachusetts",5771,48,695,181,53,42,44,37,133,74,196,102,186,68,73,66,10,15,5076,182
0600000US2500155500,2500155500,"Provincetown town, Barnstable County, Massachusetts",2854,79,205,81,0,12,0,12,39,48,24,24,59,52,56,43,27,26,2649,104
0600000US2500159735,2500159735,"Sandwich town, Barnstable County, Massachusetts",19981,174,5280,394,363,136,140,79,1047,236,1113,231,1174,203,990,204,453,187,14701,373
0600000US2500170605,2500170605,"Truro town, Barnstable County, Massachusetts",1589,262,204,95,5,8,6,8,85,68,36,45,54,55,0,12,18,20,1385,231
0600000US2500174385,2500174385,"Wellfleet town, Barnstable County, Massachusetts",3120,261,458,199,0,12,26,31,43,41,93,71,187,123,98,69,11,14,2662,244
0600000US2500182525,2500182525,"Yarmouth town, Barnstable County, Massachusetts",22813,206,3846,440,235,126,302,123,713,190,700,196,848,227,872,262,176,85,18967,406
0600000US2500300555,2500300555,"Adams town, Berkshire County, Massachusetts",8054,94,1583,203,86,50,106,69,273,85,337,106,506,121,206,91,69,52,6471,215
0600000US2500300975,2500300975,"Alford town, Berkshire County, Massachusetts",408,64,63,28,3,4,0,12,16,10,16,12,13,10,12,13,3,4,345,49
0600000US2500304545,2500304545,"Becket town, Berkshire County, Massachusetts",1684,145,293,64,14,16,10,8,66,28,73,34,70,27,56,20,4,5,1391,113
0600000US2500313345,2500313345,"Cheshire town, Berkshire County, Massachusetts",3098,57,534,115,19,18,18,17,77,54,113,87,195,67,103,59,9,14,2564,113
0600000US2500314010,2500314010,"Clarksburg town, Berkshire County, Massachusetts",1602,102,384,60,14,13,38,20,84,30,83,39,62,26,78,35,25,18,1218,76
0600000US2500316180,2500316180,"Dalton town, Berkshire County, Massachusetts",6487,87,1476,226,70,46,94,57,235,87,208,81,427,138,372,152,70,74,5011,229
0600000US2500321360,2500321360,"Egremont town, Berkshire County, Massachusetts",1190,159,182,54,7,7,18,19,34,16,45,35,35,23,37,25,6,6,1008,137
0600000US2500324120,2500324120,"Florida town, Berkshire County, Massachusetts",788,106,190,50,4,8,21,13,31,14,58,29,43,20,24,17,9,6,598,71
0600000US2500326815,2500326815,"Great Barrington town, Berkshire County, Massachusetts",6857,54,1872,244,49,43,70,57,305,105,309,144,415,120,666,144,58,55,4985,254
0600000US2500328180,2500328180,"Hancock town, Berkshire County, Massachusetts",654,126,134,50,12,6,3,4,38,26,28,15,19,11,22,19,12,18,520,94
0600000US2500330315,2500330315,"Hinsdale town, Berkshire County, Massachusetts",1923,167,389,84,26,26,4,7,77,48,125,48,120,62,24,19,13,11,1534,128
0600000US2500334340,2500334340,"Lanesborough town, Berkshire County, Massachusetts",2814,96,661,164,47,50,65,52,136,67,135,78,122,77,96,53,60,41,2153,127
0600000US2500334655,2500334655,"Lee town, Berkshire County, Massachusetts",5775,51,1345,229,102,77,114,95,251,125,234,96,315,138,261,141,68,57,4430,209
0600000US2500334970,2500334970,"Lenox town, Berkshire County, Massachusetts",4954,68,1030,199,76,81,25,32,151,72,294,133,165,84,281,142,38,37,3924,197
0600000US2500342460,2500342460,"Monterey town, Berkshire County, Massachusetts",824,108,170,57,8,6,7,6,26,17,29,16,53,32,28,16,19,25,654,100
0600000US2500343300,2500343300,"Mount Washington town, Berkshire County, Massachusetts",156,35,11,9,0,12,0,12,0,12,0,12,2,3,2,3,7,7,145,34
0600000US2500344385,2500344385,"New Ashford town, Berkshire County, Massachusetts",304,67,75,33,3,2,2,2,6,11,20,12,13,10,27,18,4,4,229,48
0600000US2500345420,2500345420,"New Marlborough town, Berkshire County, Massachusetts",1433,110,272,60,17,11,2,4,51,27,64,29,88,31,25,24,25,20,1161,85
0600000US2500346225,2500346225,"North Adams city, Berkshire County, Massachusetts",12891,177,3207,448,170,80,105,78,315,105,518,205,628,192,1329,274,142,86,9684,424
0600000US2500351580,2500351580,"Otis town, Berkshire County, Massachusetts",1520,182,229,82,17,14,0,12,36,26,63,46,71,47,30,18,12,9,1291,147
0600000US2500353050,2500353050,"Peru town, Berkshire County, Massachusetts",805,92,149,39,9,8,8,8,35,25,32,15,27,11,33,15,5,7,656,73
0600000US2500353960,2500353960,"Pittsfield city, Berkshire County, Massachusetts",42160,211,9199,469,753,178,570,139,1841,290,1736,243,2081,270,1747,321,471,135,32961,467
0600000US2500356795,2500356795,"Richmond town, Berkshire County, Massachusetts",1481,135,251,48,4,5,3,5,46,22,66,23,63,20,50,23,19,16,1230,108
0600000US2500359665,2500359665,"Sandisfield town, Berkshire County, Massachusetts",852,93,170,42,13,7,5,5,39,20,39,17,48,21,24,15,2,4,682,73
0600000US2500360225,2500360225,"Savoy town, Berkshire County, Massachusetts",758,79,172,46,10,11,5,5,36,25,46,19,43,21,30,15,2,3,586,60
0600000US2500361065,2500361065,"Sheffield town, Berkshire County, Massachusetts",3161,41,600,101,0,12,40,40,116,57,93,49,239,87,90,59,22,21,2561,109
0600000US2500367595,2500367595,"Stockbridge town, Berkshire County, Massachusetts",2091,276,343,125,19,20,0,12,159,98,40,31,60,42,40,24,25,38,1748,211
0600000US2500371095,2500371095,"Tyringham town, Berkshire County, Massachusetts",397,69,36,23,0,12,1,2,8,10,13,11,13,8,1,2,0,12,361,61
0600000US2500373335,2500373335,"Washington town, Berkshire County, Massachusetts",514,85,58,22,5,5,2,5,17,8,10,10,13,11,11,6,0,12,456,78
0600000US2500377990,2500377990,"West Stockbridge town, Berkshire County, Massachusetts",1174,160,218,111,13,12,0,12,41,36,38,32,69,37,21,17,36,31,956,95
0600000US2500379985,2500379985,"Williamstown town, Berkshire County, Massachusetts",7508,43,3628,208,113,56,77,48,361,86,229,73,240,83,2501,214,107,49,3880,205
0600000US2500380685,2500380685,"Windsor town, Berkshire County, Massachusetts",925,108,173,50,4,5,8,11,20,10,54,23,51,19,32,17,4,5,752,83
0600000US2500500000,2500500000,"County subdivisions not defined, Bristol County, Massachusetts",0,12,0,12,0,12,0,12,0,12,0,12,0,12,0,12,0,12,0,12
0600000US2500500520,2500500520,"Acushnet town, Bristol County, Massachusetts",10138,113,2275,245,173,81,57,55,594,230,183,80,468,211,636,161,164,127,7863,251
0600000US2500502690,2500502690,"Attleboro city, Bristol County, Massachusetts",42649,288,10835,642,835,172,518,191,2012,286,2393,318,2863,419,1707,276,507,176,31814,639
0600000US2500505280,2500505280,"Berkley town, Bristol County, Massachusetts",6441,96,1677,215,80,74,70,56,329,140,535,145,378,130,225,121,60,47,4764,210
0600000US2500516425,2500516425,"Dartmouth town, Bristol County, Massachusetts",34157,132,11211,497,452,156,318,115,1393,234,1335,200,1555,241,5655,331,503,135,22946,474
0600000US2500516950,2500516950,"Dighton town, Bristol County, Massachusetts",7102,106,1882,230,192,105,139,73,300,112,343,118,408,171,399,135,101,79,5220,236
0600000US2500520100,2500520100,"Easton town, Bristol County, Massachusetts",23105,170,7621,405,325,98,304,85,1274,227,1317,181,1440,188,2717,382,244,96,15484,371
0600000US2500522130,2500522130,"Fairhaven town, Bristol County, Massachusetts",15506,189,3241,298,271,115,96,66,804,191,581,180,576,146,733,153,180,75,12265,261
0600000US2500523000,2500523000,"Fall River city, Bristol County, Massachusetts",85909,477,19302,901,1753,342,1047,250,4076,463,3588,415,3994,481,4186,502,658,192,66607,930
0600000US2500525240,2500525240,"Freetown town, Bristol County, Massachusetts",8930,72,2291,179,154,72,77,47,574,115,508,96,532,123,394,110,52,40,6639,166
0600000US2500538225,2500538225,"Mansfield town, Bristol County, Massachusetts",23084,149,7438,367,385,112,331,117,1368,200,1646,230,1932,292,1280,259,496,176,15646,353
0600000US2500545000,2500545000,"New Bedford city, Bristol County, Massachusetts",91401,362,21471,722,1838,249,1089,222,4896,445,4215,369,4618,448,3730,402,1085,284,69930,783
0600000US2500546575,2500546575,"North Attleborough town, Bristol County, Massachusetts",28405,162,8164,473,651,182,500,193,1702,268,1920,323,1868,263,1082,208,441,151,20241,475
0600000US2500549970,2500549970,"Norton town, Bristol County, Massachusetts",18853,135,6121,371,345,113,115,63,1016,180,910,191,970,179,2532,382,233,83,12732,368
0600000US2500556060,2500556060,"Raynham town, Bristol County, Massachusetts",13271,141,3439,354,319,127,118,60,775,190,718,154,777,224,535,179,197,112,9832,318
0600000US2500556375,2500556375,"Rehoboth town, Bristol County, Massachusetts",11699,96,3384,345,155,85,72,58,496,121,671,136,1034,203,779,270,177,101,8315,321
0600000US2500560645,2500560645,"Seekonk town, Bristol County, Massachusetts",14365,124,3433,287,139,76,101,69,813,218,739,195,887,190,559,179,195,124,10932,276
0600000US2500562430,2500562430,"Somerset town, Bristol County, Massachusetts",17973,118,3938,386,269,97,123,66,845,211,818,176,897,180,887,208,99,64,14035,379
0600000US2500568750,2500568750,"Swansea town, Bristol County, Massachusetts",15908,151,3324,366,315,129,169,107,794,213,625,149,745,184,631,183,45,43,12584,371
0600000US2500569170,2500569170,"Taunton city, Bristol County, Massachusetts",54346,313,12234,575,1147,262,583,198,1980,289,2471,327,2778,375,2893,405,382,141,42112,665
0600000US2500577570,2500577570,"Westport town, Bristol County, Massachusetts",15361,166,3377,258,191,94,63,48,547,137,782,197,929,242,755,190,110,63,11984,272
0600000US2500701585,2500701585,"Aquinnah town, Dukes County, Massachusetts",570,95,142,51,8,13,4,6,37,22,45,29,33,28,13,18,2,3,428,74
0600000US2500713800,2500713800,"Chilmark town, Dukes County, Massachusetts",1186,256,231,80,13,15,25,27,28,23,71,35,53,31,41,39,0,12,955,228
0600000US2500721150,2500721150,"Edgartown town, Dukes County, Massachusetts",4180,61,533,184,36,42,0,12,157,102,103,80,180,87,57,71,0,12,3647,188
0600000US2500726325,2500726325,"Gosnold town, Dukes County, Massachusetts",53,19,5,8,0,12,0,12,0,12,0,12,4,7,1,3,0,12,48,18
0600000US2500750390,2500750390,"Oak Bluffs town, Dukes County, Massachusetts",4453,77,1004,224,91,91,22,33,336,144,379,133,139,116,15,25,22,38,3449,218
0600000US2500769940,2500769940,"Tisbury town, Dukes County, Massachusetts",4020,50,779,227,49,29,114,119,141,78,146,139,308,161,10,16,11,21,3241,231
0600000US2500778235,2500778235,"West Tisbury town, Dukes County, Massachusetts",2251,267,399,111,38,45,11,16,42,33,88,75,127,62,93,83,0,12,1852,260
0600000US2500900000,2500900000,"County subdivisions not defined, Essex County, Massachusetts",0,12,0,12,0,12,0,12,0,12,0,12,0,12,0,12,0,12,0,12
0600000US2500901260,2500901260,"Amesbury Town city, Essex County, Massachusetts",16611,130,3782,315,240,108,212,84,650,180,856,188,1009,271,644,163,171,83,12829,292
0600000US2500901465,2500901465,"Andover town, Essex County, Massachusetts",34005,213,11165,450,907,180,376,112,1992,228,2561,293,2392,348,2371,326,566,181,22840,432
0600000US2500905595,2500905595,"Beverly city, Essex County, Massachusetts",39985,212,10816,600,653,256,462,130,1506,244,1969,307,1658,247,3956,398,612,164,29169,567
0600000US2500907420,2500907420,"Boxford town, Essex County, Massachusetts",7947,153,2061,225,143,72,31,35,587,158,541,143,446,120,267,111,46,47,5886,189
0600000US2500916250,2500916250,"Danvers town, Essex County, Massachusetts",26724,190,6295,406,304,103,296,139,1246,222,1371,294,1315,264,1312,234,451,128,20429,398
0600000US2500921850,2500921850,"Essex town, Essex County, Massachusetts",3572,49,849,128,84,44,37,35,148,68,227,80,225,81,76,66,52,47,2723,131
0600000US2500925625,2500925625,"Georgetown town, Essex County, Massachusetts",8250,81,2310,178,226,73,114,55,353,102,506,106,745,159,285,81,81,68,5940,139
0600000US2500926150,2500926150,"Gloucester city, Essex County, Massachusetts",28748,194,5333,344,447,132,232,90,979,176,1101,194,1451,193,838,151,285,92,23415,336
0600000US2500927620,2500927620,"Groveland town, Essex County, Massachusetts",6587,72,1667,177,77,46,46,32,266,107,423,110,442,120,355,122,58,49,4920,161
0600000US2500927900,2500927900,"Hamilton town, Essex County, Massachusetts",7901,80,2627,184,202,77,118,58,691,166,422,110,487,101,390,132,317,93,5274,185
0600000US2500929405,2500929405,"Haverhill city, Essex County, Massachusetts",59688,374,14959,719,989,197,887,202,3241,415,2579,308,3387,386,2989,363,887,238,44729,701
0600000US2500932310,2500932310,"Ipswich town, Essex County, Massachusetts",13494,87,3351,218,156,76,179,72,829,231,662,127,841,162,442,142,242,122,10143,222
0600000US2500934550,2500934550,"Lawrence city, Essex County, Massachusetts",75612,405,21824,691,1170,210,1350,254,4255,407,4870,434,5285,455,4422,480,472,148,53788,704
0600000US2500937490,2500937490,"Lynn city, Essex County, Massachusetts",87798,467,23151,892,1235,269,1484,241,4983,439,4686,464,4606,387,5266,530,891,181,64647,879
0600000US2500937560,2500937560,"Lynnfield town, Essex County, Massachusetts",12174,128,3018,267,189,60,190,86,554,124,686,153,872,253,402,123,125,68,9156,253
0600000US2500937995,2500937995,"Manchester-by-the-Sea town, Essex County, Massachusetts",5228,105,1264,215,81,109,34,41,311,149,464,163,189,87,168,109,17,26,3964,205
0600000US2500938400,2500938400,"Marblehead town, Essex County, Massachusetts",19937,131,5281,309,529,141,261,98,1015,218,1390,212,1264,262,545,154,277,108,14656,301
0600000US2500940430,2500940430,"Merrimac town, Essex County, Massachusetts",6563,101,1795,277,105,69,63,70,245,94,373,160,523,152,364,211,122,69,4768,275
0600000US2500940710,2500940710,"Methuen Town city, Essex County, Massachusetts",47582,273,13318,555,668,169,650,194,2655,326,2504,314,3067,392,3133,390,641,185,34264,568
0600000US2500941095,2500941095,"Middleton town, Essex County, Massachusetts",9344,99,2168,247,154,95,83,65,340,135,618,218,489,130,393,162,91,78,7176,242
0600000US2500943580,2500943580,"Nahant town, Essex County, Massachusetts",3402,42,701,161,22,22,0,12,124,62,236,70,102,58,167,129,50,38,2701,159
0600000US2500945175,2500945175,"Newbury town, Essex County, Massachusetts",6798,105,1798,212,19,33,109,118,328,162,344,134,391,117,433,146,174,134,5000,234
0600000US2500945245,2500945245,"Newburyport city, Essex County, Massachusetts",17449,118,3783,363,532,197,133,102,480,128,1055,272,945,192,382,140,256,120,13666,394
0600000US2500946365,2500946365,"North Andover town, Essex County, Massachusetts",28765,184,8646,457,678,141,257,109,1597,238,1775,296,1538,187,2252,396,549,159,20119,420
0600000US2500952490,2500952490,"Peabody city, Essex County, Massachusetts",50732,320,10581,767,755,229,487,158,2011,343,2025,315,2323,361,2435,427,545,178,40151,645
0600000US2500957880,2500957880,"Rockport town, Essex County, Massachusetts",6995,85,1197,223,143,75,76,53,240,85,184,91,350,126,110,53,94,57,5798,244
0600000US2500958405,2500958405,"Rowley town, Essex County, Massachusetts",5849,156,1325,202,77,66,35,56,306,134,375,117,339,123,152,102,41,48,4524,159
0600000US2500959105,2500959105,"Salem city, Essex County, Massachusetts",41410,330,10788,726,713,182,307,119,1581,277,1882,322,1645,245,3898,456,762,220,30622,637
0600000US2500959245,2500959245,"Salisbury town, Essex County, Massachusetts",8628,125,1754,254,117,68,38,33,246,96,302,121,379,115,545,184,127,70,6874,263
0600000US2500960015,2500960015,"Saugus town, Essex County, Massachusetts",27193,156,6023,565,419,144,225,96,1224,259,1176,225,1498,314,1235,277,246,96,21170,525
0600000US2500968645,2500968645,"Swampscott town, Essex County, Massachusetts",13576,253,3396,329,306,116,181,69,642,173,729,171,845,224,473,171,220,89,10180,321
0600000US2500970150,2500970150,"Topsfield town, Essex County, Massachusetts",6322,76,1742,157,113,69,78,63,276,122,464,138,506,134,226,96,79,49,4580,138
0600000US2500974595,2500974595,"Wenham town, Essex County, Massachusetts",5063,48,2591,150,64,55,70,40,157,57,258,82,309,99,1634,168,99,53,2472,152
0600000US2500977150,2500977150,"West Newbury town, Essex County, Massachusetts",4324,82,1205,108,120,79,23,22,268,84,271,72,337,92,158,76,28,27,3119,109
0600000US2501102095,2501102095,"Ashfield town, Franklin County, Massachusetts",1576,159,294,77,29,16,10,8,23,13,75,31,87,33,52,25,18,18,1282,135
0600000US2501105560,2501105560,"Bernardston town, Franklin County, Massachusetts",2089,150,423,86,23,26,21,24,96,42,100,37,97,37,65,25,21,14,1666,121
0600000US2501109595,2501109595,"Buckland town, Franklin County, Massachusetts",1732,200,274,87,38,25,9,9,45,33,41,32,79,39,62,33,0,12,1458,165
0600000US2501112505,2501112505,"Charlemont town, Franklin County, Massachusetts",1126,120,207,58,11,8,14,9,40,20,40,23,56,22,38,23,8,7,919,88
0600000US2501114885,2501114885,"Colrain town, Franklin County, Massachusetts",1622,150,294,84,32,30,3,4,71,32,64,37,57,39,35,25,32,22,1328,100
0600000US2501115200,2501115200,"Conway town, Franklin County, Massachusetts",1770,191,411,86,20,19,14,10,89,29,124,37,102,38,45,46,17,16,1359,140
0600000US2501116670,2501116670,"Deerfield town, Franklin County, Massachusetts",4920,76,1155,187,34,40,113,77,213,111,232,76,238,82,226,79,99,60,3765,195
0600000US2501121780,2501121780,"Erving town, Franklin County, Massachusetts",1842,149,431,70,35,24,18,16,106,31,115,38,90,29,43,17,24,17,1411,117
0600000US2501125730,2501125730,"Gill town, Franklin County, Massachusetts",1633,231,255,52,7,7,10,8,45,22,32,17,68,25,82,29,11,9,1378,212
0600000US2501127100,2501127100,"Greenfield Town city, Franklin County, Massachusetts",16856,136,3576,308,162,83,200,105,530,140,739,149,756,135,977,197,212,147,13280,307
0600000US2501129475,2501129475,"Hawley town, Franklin County, Massachusetts",422,76,111,46,15,12,6,5,17,11,11,10,33,19,29,22,0,12,311,54
0600000US2501129650,2501129650,"Heath town, Franklin County, Massachusetts",697,132,167,86,15,15,3,4,33,25,53,38,50,30,13,10,0,12,530,81
0600000US2501135180,2501135180,"Leverett town, Franklin County, Massachusetts",1923,130,447,69,31,15,11,9,110,41,89,28,105,25,66,22,35,17,1476,108
0600000US2501135285,2501135285,"Leyden town, Franklin County, Massachusetts",667,72,109,32,5,5,2,4,16,12,26,13,40,14,20,14,0,12,558,58
0600000US2501142040,2501142040,"Monroe town, Franklin County, Massachusetts",90,27,17,9,0,12,1,2,5,5,1,3,6,6,4,5,0,12,73,25
0600000US2501142285,2501142285,"Montague town, Franklin County, Massachusetts",8093,102,1630,202,85,68,104,70,395,124,376,105,367,107,224,84,79,54,6463,244
0600000US2501145490,2501145490,"New Salem town, Franklin County, Massachusetts",980,96,165,43,18,11,15,9,37,18,35,17,37,16,15,11,8,7,815,91
0600000US2501147835,2501147835,"Northfield town, Franklin County, Massachusetts",2932,50,744,83,33,24,16,18,107,48,177,57,229,59,143,69,39,26,2188,78
0600000US2501151265,2501151265,"Orange town, Franklin County, Massachusetts",7475,85,1707,198,80,51,96,52,399,92,348,152,410,102,323,103,51,32,5768,181
0600000US2501158335,2501158335,"Rowe town, Franklin County, Massachusetts",459,68,120,45,2,3,5,5,27,14,33,20,33,16,18,11,2,5,339,41
0600000US2501161135,2501161135,"Shelburne town, Franklin County, Massachusetts",1775,170,329,90,22,18,3,7,82,40,43,27,73,34,66,36,40,28,1446,135
0600000US2501161905,2501161905,"Shutesbury town, Franklin County, Massachusetts",1798,141,472,69,27,14,9,7,104,42,80,23,143,29,70,25,39,18,1326,101
0600000US2501168400,2501168400,"Sunderland town, Franklin County, Massachusetts",3565,53,1240,184,61,35,36,36,101,49,90,48,67,41,511,222,374,139,2325,184
0600000US2501173265,2501173265,"Warwick town, Franklin County, Massachusetts",731,90,95,31,5,5,4,4,12,8,23,11,33,15,16,11,2,2,636,76
0600000US2501174525,2501174525,"Wendell town, Franklin County, Massachusetts",779,81,134,36,17,12,2,3,29,12,25,14,23,10,27,16,11,10,645,64
0600000US2501179110,2501179110,"Whately town, Franklin County, Massachusetts",1337,191,247,93,9,11,13,17,58,47,47,24,49,30,56,31,15,11,1090,134
0600000US2501300840,2501300840,"Agawam Town city, Hampden County, Massachusetts",28079,173,6788,433,554,159,293,116,1134,205,1236,214,1643,252,1519,279,409,115,21291,430
0600000US2501306085,2501306085,"Blandford town, Hampden County, Massachusetts",1143,121,214,58,8,8,0,12,30,16,42,21,97,33,33,23,4,5,929,94
0600000US2501308470,2501308470,"Brimfield town, Hampden County, Massachusetts",3629,72,760,169,57,46,34,32,147,94,141,75,187,70,164,87,30,28,2869,156
0600000US2501313485,2501313485,"Chester town, Hampden County, Massachusetts",1504,166,346,80,11,13,11,8,108,40,82,29,64,29,61,35,9,7,1158,140
0600000US2501313660,2501313660,"Chicopee city, Hampden County, Massachusetts",54323,355,13079,802,882,240,516,192,2573,399,2434,396,2872,489,3117,452,685,171,41244,792
0600000US2501319645,2501319645,"East Longmeadow town, Hampden County, Massachusetts",15669,151,3840,332,266,97,138,80,690,173,919,236,749,140,830,227,248,104,11829,338
0600000US2501326675,2501326675,"Granville town, Hampden County, Massachusetts",1657,173,379,76,22,13,13,9,72,28,51,35,106,35,108,36,7,7,1278,131
0600000US2501328075,2501328075,"Hampden town, Hampden County, Massachusetts",5039,62,1178,159,41,40,23,23,151,53,285,77,357,88,284,105,37,42,3861,152
0600000US2501330665,2501330665,"Holland town, Hampden County, Massachusetts",2302,206,482,107,53,25,3,6,78,55,87,36,118,48,101,35,42,38,1820,156
0600000US2501330840,2501330840,"Holyoke city, Hampden County, Massachusetts",38447,269,9475,536,807,201,635,179,2195,296,1468,271,2258,264,1726,298,386,148,28972,527
0600000US2501336300,2501336300,"Longmeadow town, Hampden County, Massachusetts",15409,126,4264,270,263,94,227,99,579,113,1032,150,1025,185,914,213,224,79,11145,238
0600000US2501337175,2501337175,"Ludlow town, Hampden County, Massachusetts",20744,161,4334,347,345,141,146,81,819,176,1066,260,812,183,802,223,344,137,16410,318
0600000US2501342145,2501342145,"Monson town, Hampden County, Massachusetts",8592,74,1958,174,71,37,93,67,336,85,546,107,476,111,355,105,81,46,6634,161
0600000US2501342530,2501342530,"Montgomery town, Hampden County, Massachusetts",816,96,169,38,2,4,15,13,19,12,47,19,31,14,42,22,13,9,647,76
0600000US2501352144,2501352144,"Palmer Town city, Hampden County, Massachusetts",11778,124,2712,351,97,53,88,62,553,179,560,131,713,201,529,179,172,110,9066,320
0600000US2501358650,2501358650,"Russell town, Hampden County, Massachusetts",1365,156,298,69,31,24,15,17,61,30,81,36,49,22,38,22,23,16,1067,122
0600000US2501365825,2501365825,"Southwick town, Hampden County, Massachusetts",9481,111,2302,234,119,93,130,94,462,168,566,166,552,219,335,151,138,72,7179,261
0600000US2501367000,2501367000,"Springfield city, Hampden County, Massachusetts",147671,482,46180,1049,2753,390,2301,338,9095,584,9384,669,9684,609,11776,714,1187,268,101491,1017
0600000US2501370045,2501370045,"Tolland town, Hampden County, Massachusetts",643,97,110,37,1,2,1,4,26,14,24,15,31,24,27,18,0,12,533,90
0600000US2501372390,2501372390,"Wales town, Hampden County, Massachusetts",1949,229,491,132,21,15,14,14,146,54,134,51,115,53,50,27,11,14,1458,146
0600000US2501376030,2501376030,"Westfield city, Hampden County, Massachusetts",40471,255,11986,685,544,151,475,211,1724,274,1859,283,1935,297,5108,595,341,122,28485,701
0600000US2501377890,2501377890,"West Springfield Town city, Hampden County, Massachusetts",27540,243,7029,566,454,150,275,138,1236,224,1582,419,1590,222,1306,314,586,248,20511,507
0600000US2501379740,2501379740,"Wilbraham town, Hampden County, Massachusetts",14279,138,3654,329,194,97,188,116,625,170,826,177,1065,252,674,157,82,65,10625,298
0600000US2501501325,2501501325,"Amherst town, Hampshire County, Massachusetts",39254,150,27398,679,275,103,103,66,823,166,809,151,960,258,22769,897,1659,344,11856,671
0600000US2501504825,2501504825,"Belchertown town, Hampshire County, Massachusetts",14518,150,4124,385,256,122,311,115,716,195,854,207,995,200,739,236,253,104,10394,376
0600000US2501513590,2501513590,"Chesterfield town, Hampshire County, Massachusetts",1195,134,222,58,12,9,18,18,51,28,58,41,44,19,29,17,10,10,973,120
0600000US2501516040,2501516040,"Cummington town, Hampshire County, Massachusetts",873,99,144,45,4,5,3,5,45,29,30,17,46,27,16,11,0,12,729,74
0600000US2501519370,2501519370,"Easthampton Town city, Hampshire County, Massachusetts",15640,154,3689,478,90,55,150,107,616,174,610,175,589,170,1296,337,338,132,11951,450
0600000US2501526290,2501526290,"Goshen town, Hampshire County, Massachusetts",1146,166,251,82,21,18,5,8,58,26,53,33,64,35,30,21,20,19,895,111
0600000US2501526535,2501526535,"Granby town, Hampshire County, Massachusetts",6179,89,1308,198,107,76,41,47,300,145,257,113,329,127,164,77,110,70,4871,171
0600000US2501527690,2501527690,"Hadley town, Hampshire County, Massachusetts",5310,40,1160,201,69,53,8,13,244,117,283,92,221,94,161,97,174,86,4150,193
0600000US2501529265,2501529265,"Hatfield town, Hampshire County, Massachusetts",3267,27,546,106,14,15,23,16,56,39,124,58,212,67,81,47,36,30,2721,108
0600000US2501531785,2501531785,"Huntington town, Hampshire County, Massachusetts",1889,144,336,68,17,20,9,12,79,40,92,34,97,40,26,19,16,17,1553,127
0600000US2501540990,2501540990,"Middlefield town, Hampshire County, Massachusetts",482,103,55,23,2,4,2,4,2,4,14,14,12,10,20,13,3,5,427,93
0600000US2501546330,2501546330,"Northampton city, Hampshire County, Massachusetts",27920,125,8183,505,501,119,268,94,1180,187,1014,167,1112,207,3459,402,649,151,19737,519
0600000US2501552560,2501552560,"Pelham town, Hampshire County, Massachusetts",1276,118,274,47,29,17,36,18,70,35,33,16,59,25,36,18,11,8,1002,94
0600000US2501554030,2501554030,"Plainfield town, Hampshire County, Massachusetts",583,61,107,29,14,11,7,6,14,8,18,10,38,15,13,8,3,5,476,48
0600000US2501562745,2501562745,"Southampton town, Hampshire County, Massachusetts",5987,60,1067,175,22,26,53,41,275,124,342,140,244,110,102,66,29,36,4920,170
0600000US2501564145,2501564145,"South Hadley town, Hampshire County, Massachusetts",17421,99,5214,397,222,91,188,88,518,147,561,122,606,151,2963,377,156,72,12207,386
0600000US2501572880,2501572880,"Ware town, Hampshire County, Massachusetts",9559,193,2032,329,86,69,108,91,421,209,473,157,470,167,365,178,109,83,7527,239
0600000US2501576380,2501576380,"Westhampton town, Hampshire County, Massachusetts",1773,97,395,53,26,14,12,10,95,30,88,24,84,28,74,27,16,11,1378,79
0600000US2501579915,2501579915,"Williamsburg town, Hampshire County, Massachusetts",2405,188,434,90,24,19,18,15,104,41,133,45,93,42,36,25,26,17,1971,160
0600000US2501582175,2501582175,"Worthington town, Hampshire County, Massachusetts",1202,126,193,55,8,7,5,6,49,26,59,24,40,19,22,14,10,8,1009,102
0600000US2501700380,2501700380,"Acton town, Middlesex County, Massachusetts",22701,169,6962,359,435,152,219,82,1301,184,1795,220,1805,225,929,233,478,142,15739,352
0600000US2501701605,2501701605,"Arlington town, Middlesex County, Massachusetts",42493,246,9370,428,1224,213,570,150,1787,220,1641,207,1931,281,1097,279,1120,225,33123,411
0600000US2501701955,2501701955,"Ashby town, Middlesex County, Massachusetts",3140,40,765,105,49,30,25,27,91,41,195,50,270,89,99,52,36,28,2375,101
0600000US2501702130,2501702130,"Ashland town, Middlesex County, Massachusetts",16710,172,4142,345,352,118,138,63,794,178,908,203,1067,246,533,133,350,163,12568,329
0600000US2501703005,2501703005,"Ayer town, Middlesex County, Massachusetts",7647,160,2027,263,158,77,179,84,323,101,359,139,218,118,544,209,246,124,5620,263
0600000US2501704615,2501704615,"Bedford town, Middlesex County, Massachusetts",13615,163,3643,263,429,162,209,90,883,194,803,217,658,189,476,152,185,90,9972,281
0600000US2501705070,2501705070,"Belmont town, Middlesex County, Massachusetts",24735,158,6840,308,543,100,437,91,1419,193,1555,161,1516,147,687,202,683,136,17895,331
0600000US2501705805,2501705805,"Billerica town, Middlesex County, Massachusetts",40742,270,9695,529,637,159,544,150,1695,219,1997,330,2393,358,1846,270,583,144,31047,496
0600000US2501707350,2501707350,"Boxborough town, Middlesex County, Massachusetts",5187,65,1461,150,72,50,51,28,294,75,328,73,426,112,171,87,119,76,3726,140
0600000US2501709840,2501709840,"Burlington town, Middlesex County, Massachusetts",24838,233,5918,419,574,195,110,60,1164,231,1195,257,1440,285,1047,199,388,135,18920,402
0600000US2501711000,2501711000,"Cambridge city, Middlesex County, Massachusetts",105969,289,39088,1055,1204,186,1034,206,2386,309,2516,327,2560,363,17891,886,11497,816,66881,1034
0600000US2501711525,2501711525,"Carlisle town, Middlesex County, Massachusetts",5083,35,1543,135,95,41,44,29,456,86,383,92,309,84,178,83,78,46,3540,128
0600000US2501713135,2501713135,"Chelmsford town, Middlesex County, Massachusetts",33879,173,8123,398,774,145,346,108,1755,214,1504,205,1810,242,1479,278,455,126,25756,383
0600000US2501715060,2501715060,"Concord town, Middlesex County, Massachusetts",18902,159,4767,328,466,153,203,81,1389,257,999,165,1069,240,400,156,241,92,14135,331
0600000US2501717475,2501717475,"Dracut town, Middlesex County, Massachusetts",29709,286,7506,524,416,139,371,139,1665,296,1538,320,1505,292,1753,308,258,105,22203,547
0600000US2501717825,2501717825,"Dunstable town, Middlesex County, Massachusetts",3277,37,998,102,25,26,55,29,121,36,318,73,251,49,146,43,82,35,2279,80
0600000US2501721990,2501721990,"Everett city, Middlesex County, Massachusetts",42952,292,11922,686,1003,227,644,175,2339,322,2053,367,2667,413,2508,360,708,278,31030,655
0600000US2501724925,2501724925,"Framingham town, Middlesex County, Massachusetts",67918,416,16696,840,1004,206,780,205,2950,361,3301,436,3212,407,4104,520,1345,299,51222,889
0600000US2501727480,2501727480,"Groton town, Middlesex County, Massachusetts",10853,172,3107,286,230,90,151,106,648,164,604,123,879,189,420,143,175,98,7746,226
0600000US2501730700,2501730700,"Holliston town, Middlesex County, Massachusetts",13993,112,4242,253,266,90,216,77,959,165,952,175,1115,170,570,181,164,65,9751,235
0600000US2501731085,2501731085,"Hopkinton town, Middlesex County, Massachusetts",15602,199,4837,291,411,97,113,51,1014,142,1327,206,1204,183,464,170,304,124,10765,246
0600000US2501731540,2501731540,"Hudson town, Middlesex County, Massachusetts",19033,147,4513,278,317,109,241,90,691,138,999,207,1133,199,930,164,202,93,14520,276
0600000US2501735215,2501735215,"Lexington town, Middlesex County, Massachusetts",32062,161,9792,370,840,151,435,125,1895,234,2281,263,2594,252,1015,209,732,183,22270,311
0600000US2501735425,2501735425,"Lincoln town, Middlesex County, Massachusetts",6346,86,2058,183,191,55,84,51,501,136,352,91,415,101,309,99,206,75,4288,181
0600000US2501735950,2501735950,"Littleton town, Middlesex County, Massachusetts",9298,86,2395,193,233,84,110,47,350,95,521,114,603,142,379,80,199,67,6903,167
0600000US2501737000,2501737000,"Lowell city, Middlesex County, Massachusetts",105176,566,31570,1011,1478,279,1664,278,5323,551,5268,484,5444,457,10388,671,2005,369,73606,999
0600000US2501737875,2501737875,"Malden city, Middlesex County, Massachusetts",58881,351,15290,736,867,201,587,168,2743,362,2416,331,2226,374,4294,581,2157,491,43591,767
0600000US2501738715,2501738715,"Marlborough city, Middlesex County, Massachusetts",37762,460,8779,700,692,219,501,190,1581,347,1830,371,1794,337,1673,313,708,226,28983,647
0600000US2501739625,2501739625,"Maynard town, Middlesex County, Massachusetts",10086,221,2354,352,188,88,108,68,632,159,424,195,412,142,451,178,139,101,7732,317
0600000US2501739835,2501739835,"Medford city, Middlesex County, Massachusetts",55220,354,13984,838,999,207,381,144,1507,322,1571,273,1915,324,5040,723,2571,485,41236,799
0600000US2501740115,2501740115,"Melrose city, Middlesex County, Massachusetts",26551,295,6426,487,807,197,178,70,1247,241,984,178,1290,256,1222,362,698,227,20125,463
0600000US2501743895,2501743895,"Natick town, Middlesex County, Massachusetts",34056,212,9427,468,971,186,547,132,1607,213,2191,276,1959,284,1247,230,905,185,24629,462
0600000US2501745560,2501745560,"Newton city, Middlesex County, Massachusetts",85964,285,28066,741,2147,278,1116,197,4706,405,4762,441,4628,368,8770,547,1937,283,57898,725
0600000US2501748955,2501748955,"North Reading town, Middlesex County, Massachusetts",14986,183,3824,288,129,73,198,98,731,216,855,192,1158,215,587,162,166,77,11162,275
0600000US2501752805,2501752805,"Pepperell town, Middlesex County, Massachusetts",11678,128,3414,243,194,65,207,70,845,165,658,142,780,174,561,131,169,72,8264,245
0600000US2501756130,2501756130,"Reading town, Middlesex County, Massachusetts",24729,185,6934,447,738,185,295,118,1461,266,1285,240,1593,283,1126,261,436,137,17795,420
0600000US2501761380,2501761380,"Sherborn town, Middlesex County, Massachusetts",4146,55,1297,113,64,46,69,46,254,83,277,66,517,100,108,62,8,12,2849,101
0600000US2501761590,2501761590,"Shirley town, Middlesex County, Massachusetts",7195,117,1201,233,15,29,0,17,234,136,184,93,491,152,228,112,49,75,5994,232
0600000US2501762535,2501762535,"Somerville city, Middlesex County, Massachusetts",77277,311,18301,965,632,145,568,178,1778,317,1838,252,2092,344,5236,512,6157,610,58976,958
0600000US2501767665,2501767665,"Stoneham town, Middlesex County, Massachusetts",21165,174,4479,459,480,152,168,89,567,148,1001,203,918,245,935,228,410,149,16686,437
0600000US2501768050,2501768050,"Stow town, Middlesex County, Massachusetts",6803,88,1925,150,243,113,143,80,303,127,581,176,341,99,229,105,85,72,4878,168
0600000US2501768260,2501768260,"Sudbury town, Middlesex County, Massachusetts",18095,125,5760,238,443,122,246,91,1359,238,1404,215,1572,221,539,128,197,75,12335,210
0600000US2501769415,2501769415,"Tewksbury town, Middlesex County, Massachusetts",29510,164,6792,399,342,128,276,120,1369,216,1482,218,1674,245,1297,233,352,117,22718,350
0600000US2501770360,2501770360,"Townsend town, Middlesex County, Massachusetts",9027,123,2268,212,249,79,196,77,456,100,517,118,379,114,359,100,112,45,6759,189
0600000US2501771025,2501771025,"Tyngsborough town, Middlesex County, Massachusetts",11789,175,3050,306,220,139,120,79,540,153,629,164,777,212,532,167,232,137,8739,277
0600000US2501772215,2501772215,"Wakefield town, Middlesex County, Massachusetts",25488,181,5894,362,577,180,267,115,993,188,1196,209,1234,206,1031,220,596,160,19594,349
0600000US2501772600,2501772600,"Waltham city, Middlesex County, Massachusetts",60889,268,17632,732,955,234,586,162,1717,227,1586,265,1434,250,8715,558,2639,522,43257,733
0600000US2501773440,2501773440,"Watertown Town city, Middlesex County, Massachusetts",32145,250,6239,575,556,163,319,124,954,199,806,180,1128,322,1254,299,1222,254,25906,538
0600000US2501773790,2501773790,"Wayland town, Middlesex County, Massachusetts",13203,115,3836,221,469,117,220,77,909,176,731,119,954,152,350,101,203,85,9367,208
0600000US2501776135,2501776135,"Westford town, Middlesex County, Massachusetts",23223,168,7617,347,473,130,372,132,1405,217,1896,260,1973,241,1054,201,444,184,15606,347
0600000US2501777255,2501777255,"Weston town, Middlesex County, Massachusetts",11645,128,4148,326,532,158,295,98,660,178,893,179,763,155,883,219,122,67,7497,309
0600000US2501780230,2501780230,"Wilmington town, Middlesex County, Massachusetts",22651,214,6071,406,454,143,261,101,1202,249,1281,255,1589,251,968,192,316,105,16580,369
0600000US2501780510,2501780510,"Winchester town, Middlesex County, Massachusetts",21844,137,6598,253,781,130,354,101,1758,188,1722,176,1120,170,597,165,266,97,15246,232
0600000US2501781035,2501781035,"Woburn city, Middlesex County, Massachusetts",37853,269,8249,533,648,166,451,180,1511,238,1796,304,1918,317,1448,271,477,160,29604,538
0600000US2501900000,2501900000,"County subdivisions not defined, Nantucket County, Massachusetts",0,12,0,12,0,12,0,12,0,12,0,12,0,12,0,12,0,12,0,12
0600000US2501943790,2501943790,"Nantucket town, Nantucket County, Massachusetts",10397,81,2303,238,151,46,118,77,560,120,387,122,450,94,472,133,165,63,8094,237
0600000US2502102935,2502102935,"Avon town, Norfolk County, Massachusetts",4416,41,949,130,90,69,67,47,175,70,146,57,199,80,158,69,114,75,3467,126
0600000US2502104930,2502104930,"Bellingham town, Norfolk County, Massachusetts",16356,166,3982,312,271,127,209,115,1035,208,662,161,869,219,713,221,223,138,12374,300
0600000US2502107740,2502107740,"Braintree Town city, Norfolk County, Massachusetts",35855,232,9065,429,701,150,489,131,1985,232,2163,242,1804,325,1532,241,391,107,26790,467
0600000US2502109175,2502109175,"Brookline town, Norfolk County, Massachusetts",57734,222,18083,898,1271,203,800,153,2537,309,2207,282,2286,345,5305,782,3677,450,39651,843
0600000US2502111315,2502111315,"Canton town, Norfolk County, Massachusetts",21913,175,5600,393,497,163,208,102,1278,258,1343,215,1066,250,841,201,367,135,16313,359
0600000US2502114640,2502114640,"Cohasset town, Norfolk County, Massachusetts",8030,143,2252,243,250,99,42,45,511,150,679,171,443,128,295,106,32,37,5778,203
0600000US2502116495,2502116495,"Dedham town, Norfolk County, Massachusetts",24303,168,5696,426,615,138,263,86,891,148,1104,198,1385,305,940,189,498,135,18607,411
0600000US2502117405,2502117405,"Dover town, Norfolk County, Massachusetts",5674,98,1812,166,85,51,40,35,383,95,499,117,512,109,166,62,127,80,3862,186
0600000US2502124820,2502124820,"Foxborough town, Norfolk County, Massachusetts",16688,218,3972,352,500,164,206,89,879,184,756,161,884,199,487,162,260,127,12716,338
0600000US2502125172,2502125172,"Franklin Town city, Norfolk County, Massachusetts",31973,193,10087,457,773,204,400,137,1866,281,2351,302,2203,322,2142,282,352,114,21886,441
0600000US2502130455,2502130455,"Holbrook town, Norfolk County, Massachusetts",10799,124,2508,334,120,75,106,82,313,152,579,204,483,174,686,213,221,137,8291,323
0600000US2502139765,2502139765,"Medfield town, Norfolk County, Massachusetts",12205,109,3992,238,326,112,137,81,951,209,1141,203,844,159,516,212,77,49,8213,206
0600000US2502139975,2502139975,"Medway town, Norfolk County, Massachusetts",12569,165,3677,302,336,119,147,59,626,162,726,173,941,194,643,206,258,100,8892,260
0600000US2502141515,2502141515,"Millis town, Norfolk County, Massachusetts",7820,108,1996,269,111,77,86,75,257,100,579,188,511,198,357,249,95,61,5824,276
0600000US2502141690,2502141690,"Milton town, Norfolk County, Massachusetts",26513,185,9035,464,606,133,442,139,1455,228,1524,249,1708,278,2755,328,545,166,17478,429
0600000US2502144105,2502144105,"Needham town, Norfolk County, Massachusetts",29210,209,8960,394,654,153,505,149,1873,267,2130,295,2230,256,1092,195,476,174,20250,339
0600000US2502146050,2502146050,"Norfolk town, Norfolk County, Massachusetts",11307,87,2720,187,301,74,97,43,568,136,508,122,800,145,361,106,85,48,8587,204
0600000US2502150250,2502150250,"Norwood town, Norfolk County, Massachusetts",27986,206,6750,434,437,104,253,99,1188,227,1301,213,1396,248,1393,279,782,278,21236,423
0600000US2502154100,2502154100,"Plainville town, Norfolk County, Massachusetts",8667,123,1972,365,127,84,47,54,499,167,464,199,352,144,282,124,201,105,6695,338
0600000US2502155745,2502155745,"Quincy city, Norfolk County, Massachusetts",89858,410,19346,821,1303,266,1041,245,3006,367,2580,377,3354,463,5692,533,2370,402,70512,763
0600000US2502155955,2502155955,"Randolph town, Norfolk County, Massachusetts",32348,299,8110,671,532,186,583,229,1378,315,1211,265,1685,283,2435,443,286,111,24238,635
0600000US2502160785,2502160785,"Sharon town, Norfolk County, Massachusetts",17662,163,5344,312,352,113,251,101,1192,185,1492,213,1298,259,485,159,274,111,12318,268
0600000US2502167945,2502167945,"Stoughton town, Norfolk County, Massachusetts",27358,178,6250,447,418,127,445,151,857,178,1535,246,1371,240,1185,254,439,112,21108,440
0600000US2502172495,2502172495,"Walpole town, Norfolk County, Massachusetts",24206,178,6462,375,516,146,260,107,1345,218,1491,214,1767,281,704,163,379,121,17744,313
0600000US2502174175,2502174175,"Wellesley town, Norfolk County, Massachusetts",28148,161,11875,376,701,131,437,121,1959,242,2081,245,1753,186,4614,351,330,87,16273,368
0600000US2502178690,2502178690,"Westwood town, Norfolk County, Massachusetts",15092,107,4481,245,292,79,222,93,1231,211,1132,165,1039,211,331,110,234,104,10611,218
0600000US2502178972,2502178972,"Weymouth Town city, Norfolk County, Massachusetts",53954,311,12149,602,983,205,453,161,2295,334,2526,368,2622,333,2451,402,819,173,41805,601
0600000US2502182315,2502182315,"Wrentham town, Norfolk County, Massachusetts",10986,120,3293,218,204,79,86,40,587,111,723,118,927,155,524,130,242,84,7693,218
0600000US2502300000,2502300000,"County subdivisions not defined, Plymouth County, Massachusetts",0,12,0,12,0,12,0,12,0,12,0,12,0,12,0,12,0,12,0,12
0600000US2502300170,2502300170,"Abington town, Plymouth County, Massachusetts",15619,179,3415,318,190,105,107,71,801,210,725,203,721,165,642,166,229,99,12204,320
0600000US2502308085,2502308085,"Bridgewater town, Plymouth County, Massachusetts",26649,226,9083,667,303,158,357,148,1195,273,1164,255,1230,241,4489,519,345,146,17566,615
0600000US2502309000,2502309000,"Brockton city, Plymouth County, Massachusetts",90523,435,25894,874,1463,329,1471,261,5047,405,5412,447,6027,518,5636,561,838,199,64629,859
0600000US2502311665,2502311665,"Carver town, Plymouth County, Massachusetts",11424,75,2735,293,185,92,81,51,611,143,645,179,637,177,501,180,75,53,8689,279
0600000US2502317895,2502317895,"Duxbury town, Plymouth County, Massachusetts",15055,134,4709,269,376,96,152,59,927,144,1171,187,1099,173,710,167,274,108,10346,273
0600000US2502318455,2502318455,"East Bridgewater town, Plymouth County, Massachusetts",13884,119,3361,300,191,114,204,109,664,156,773,157,807,187,589,163,133,64,10523,258
0600000US2502327795,2502327795,"Halifax town, Plymouth County, Massachusetts",7637,108,2082,414,120,77,36,44,341,138,439,170,590,191,422,198,134,91,5555,373
0600000US2502328285,2502328285,"Hanover town, Plymouth County, Massachusetts",13837,173,3871,350,396,142,328,137,718,185,920,198,940,227,448,168,121,65,9966,333
0600000US2502328495,2502328495,"Hanson town, Plymouth County, Massachusetts",10174,102,2588,224,201,130,83,51,314,89,604,125,752,176,547,165,87,44,7586,233
0600000US2502330210,2502330210,"Hingham town, Plymouth County, Massachusetts",22195,166,5936,312,514,137,249,87,1307,217,1441,210,1677,268,524,164,224,91,16259,279
0600000US2502331645,2502331645,"Hull town, Plymouth County, Massachusetts",10200,108,1693,234,122,55,29,31,209,78,414,115,414,104,343,134,162,79,8507,219
0600000US2502333220,2502333220,"Kingston town, Plymouth County, Massachusetts",12767,113,3487,345,228,97,164,97,623,187,722,181,896,192,673,214,181,111,9280,331
0600000US2502333920,2502333920,"Lakeville town, Plymouth County, Massachusetts",10870,105,2582,227,117,51,149,57,488,94,741,114,524,141,455,142,108,52,8288,221
0600000US2502338540,2502338540,"Marion town, Plymouth County, Massachusetts",4910,64,1191,144,60,33,35,23,254,86,319,81,332,88,122,83,69,49,3719,147
0600000US2502338855,2502338855,"Marshfield town, Plymouth County, Massachusetts",24822,199,6675,457,460,145,387,133,1325,217,1410,236,1722,346,1091,257,280,107,18147,405
0600000US2502339450,2502339450,"Mattapoisett town, Plymouth County, Massachusetts",6038,136,1480,289,45,54,72,52,306,135,345,128,362,180,184,138,166,124,4558,249
0600000US2502340850,2502340850,"Middleborough town, Plymouth County, Massachusetts",23222,237,5113,659,418,149,142,94,986,226,1051,294,1430,353,859,249,227,139,18109,617
0600000US2502350145,2502350145,"Norwell town, Plymouth County, Massachusetts",10472,105,3128,196,304,77,165,50,579,119,851,145,770,118,332,96,127,74,7344,172
0600000US2502352630,2502352630,"Pembroke town, Plymouth County, Massachusetts",17703,163,4791,318,178,100,243,97,1125,201,941,196,1262,211,883,236,159,70,12912,296
0600000US2502354310,2502354310,"Plymouth town, Plymouth County, Massachusetts",56814,268,12996,561,1082,216,701,191,2907,326,2425,361,3044,316,2309,397,528,131,43818,574
0600000US2502354415,2502354415,"Plympton town, Plymouth County, Massachusetts",2798,49,595,90,60,30,20,18,120,40,105,36,97,35,165,65,28,19,2203,85
0600000US2502357600,2502357600,"Rochester town, Plymouth County, Massachusetts",5391,53,1590,185,88,49,82,45,225,67,388,108,498,120,246,82,63,40,3801,176
0600000US2502357775,2502357775,"Rockland town, Plymouth County, Massachusetts",17197,217,3913,339,528,213,247,200,744,225,741,215,785,230,545,184,323,174,13284,392
0600000US2502360330,2502360330,"Scituate town, Plymouth County, Massachusetts",17929,146,4882,326,465,146,216,107,1024,168,1299,271,1185,265,447,145,246,98,13047,324
0600000US2502372985,2502372985,"Wareham town, Plymouth County, Massachusetts",21805,217,4531,409,266,124,180,123,1199,255,1009,217,708,200,944,232,225,109,17274,431
0600000US2502375260,2502375260,"West Bridgewater town, Plymouth County, Massachusetts",6814,99,1736,181,147,60,59,41,217,77,373,82,487,119,382,107,71,42,5078,187
0600000US2502379530,2502379530,"Whitman town, Plymouth County, Massachusetts",14185,173,3587,280,337,116,261,74,644,144,610,170,920,190,711,190,104,61,10598,276
0600000US2502500000,2502500000,"County subdivisions not defined, Suffolk County, Massachusetts",0,12,0,12,0,12,0,12,0,12,0,12,0,12,0,12,0,12,0,12
0600000US2502507000,2502507000,"Boston city, Suffolk County, Massachusetts",637497,739,193653,2015,7606,588,8674,722,22060,896,22975,981,24442,770,78017,1422,29879,1301,443844,2028
0600000US2502513205,2502513205,"Chelsea city, Suffolk County, Massachusetts",36288,318,8426,568,520,179,594,157,2013,301,1814,272,2022,346,1091,229,372,118,27862,627
0600000US2502556585,2502556585,"Revere city, Suffolk County, Massachusetts",51291,317,11021,656,659,232,602,194,2127,325,2153,343,1976,344,2614,406,890,272,40270,700
0600000US2502581005,2502581005,"Winthrop Town city, Suffolk County, Massachusetts",17342,219,3873,400,282,90,182,97,604,152,972,185,571,139,914,197,348,152,13469,446
0600000US2502701885,2502701885,"Ashburnham town, Worcester County, Massachusetts",6053,86,1910,278,106,84,43,46,450,143,443,161,280,92,432,125,156,105,4143,263
0600000US2502702480,2502702480,"Athol town, Worcester County, Massachusetts",11247,125,2372,239,129,106,65,43,580,173,450,116,690,167,391,128,67,41,8875,257
0600000US2502702760,2502702760,"Auburn town, Worcester County, Massachusetts",15982,85,4050,255,204,75,242,77,708,152,757,119,880,123,986,163,273,78,11932,249
0600000US2502703740,2502703740,"Barre town, Worcester County, Massachusetts",5348,75,1387,277,35,38,28,30,235,113,418,138,413,131,193,119,65,53,3961,255
0600000US2502705490,2502705490,"Berlin town, Worcester County, Massachusetts",3003,37,710,86,37,26,23,18,95,41,169,55,187,47,88,45,111,53,2293,91
0600000US2502706015,2502706015,"Blackstone town, Worcester County, Massachusetts",8856,95,2283,204,91,49,126,53,453,108,519,112,585,133,414,123,95,54,6573,176
0600000US2502706365,2502706365,"Bolton town, Worcester County, Massachusetts",4892,94,1459,137,72,55,77,47,342,98,309,100,449,101,123,64,87,50,3433,105
0600000US2502707525,2502707525,"Boylston town, Worcester County, Massachusetts",4385,85,1201,123,38,38,55,31,225,69,305,88,342,110,146,113,90,51,3184,129
0600000US2502709105,2502709105,"Brookfield town, Worcester County, Massachusetts",3247,64,708,123,46,36,63,45,87,50,228,97,156,75,95,59,33,30,2539,122
0600000US2502712715,2502712715,"Charlton town, Worcester County, Massachusetts",12914,148,3374,372,203,118,174,114,649,169,752,194,591,175,802,239,203,104,9540,360
0600000US2502714395,2502714395,"Clinton town, Worcester County, Massachusetts",13307,165,3097,334,159,77,92,51,573,107,774,179,601,171,706,184,192,103,10210,308
0600000US2502717300,2502717300,"Douglas town, Worcester County, Massachusetts",8508,105,2263,339,115,90,83,60,640,188,500,186,566,283,321,160,38,42,6245,343
0600000US2502717685,2502717685,"Dudley town, Worcester County, Massachusetts",11387,87,3820,305,220,95,126,86,406,110,780,150,542,168,1558,233,188,87,7567,286
0600000US2502718560,2502718560,"East Brookfield town, Worcester County, Massachusetts",2165,187,527,127,37,25,51,30,53,27,86,44,151,76,123,69,26,21,1638,117
0600000US2502723875,2502723875,"Fitchburg city, Worcester County, Massachusetts",38910,289,11092,547,507,168,479,165,1914,299,2068,313,2128,357,3687,498,309,95,27818,596
0600000US2502725485,2502725485,"Gardner city, Worcester County, Massachusetts",19645,178,4588,373,453,124,170,77,1000,223,934,233,894,183,962,186,175,76,15057,337
0600000US2502726430,2502726430,"Grafton town, Worcester County, Massachusetts",17834,107,4779,345,416,120,216,78,852,153,1183,172,1061,184,652,163,399,121,13055,325
0600000US2502728740,2502728740,"Hardwick town, Worcester County, Massachusetts",2902,57,602,105,65,37,31,16,85,42,102,50,211,82,79,53,29,31,2300,126
0600000US2502728950,2502728950,"Harvard town, Worcester County, Massachusetts",6462,65,1543,174,58,37,38,24,311,101,472,104,363,101,171,102,130,62,4919,177
0600000US2502730560,2502730560,"Holden town, Worcester County, Massachusetts",17768,130,4788,279,321,110,230,59,937,162,1071,156,1135,186,808,133,286,91,12980,279
0600000US2502730945,2502730945,"Hopedale town, Worcester County, Massachusetts",5711,119,1462,208,32,37,77,50,326,142,375,129,508,144,110,75,34,41,4249,189
0600000US2502731435,2502731435,"Hubbardston town, Worcester County, Massachusetts",4512,45,1394,136,89,57,63,40,257,120,313,86,339,75,296,91,37,36,3118,138
0600000US2502734165,2502734165,"Lancaster town, Worcester County, Massachusetts",7954,74,1826,253,137,90,14,23,141,86,448,144,651,237,366,126,69,67,6128,251
0600000US2502734795,2502734795,"Leicester town, Worcester County, Massachusetts",10993,111,2801,297,42,36,142,92,450,147,470,147,590,169,890,248,217,125,8192,290
0600000US2502735075,2502735075,"Leominster city, Worcester County, Massachusetts",39898,362,9860,644,640,177,605,193,2040,270,2053,316,2007,366,1978,343,537,148,30038,649
0600000US2502737420,2502737420,"Lunenburg town, Worcester County, Massachusetts",10852,94,2921,230,249,168,103,68,412,145,781,170,821,250,411,156,144,87,7931,229
0600000US2502740255,2502740255,"Mendon town, Worcester County, Massachusetts",5820,105,1748,169,58,70,39,39,453,141,430,108,558,143,143,77,67,57,4072,158
0600000US2502741165,2502741165,"Milford town, Worcester County, Massachusetts",27416,208,6630,517,517,179,294,127,1885,249,1222,227,1373,251,979,236,360,128,20786,502
0600000US2502741340,2502741340,"Millbury town, Worcester County, Massachusetts",12893,184,3359,317,343,134,99,71,640,199,607,183,713,209,729,196,228,107,9534,282
0600000US2502741585,2502741585,"Millville town, Worcester County, Massachusetts",3122,52,842,88,32,20,36,21,267,70,181,47,191,59,116,40,19,19,2280,78
0600000US2502745105,2502745105,"New Braintree town, Worcester County, Massachusetts",1070,133,240,64,15,9,14,11,47,21,43,19,80,33,29,18,12,9,830,98
0600000US2502746820,2502746820,"Northborough town, Worcester County, Massachusetts",14453,116,3973,265,244,96,334,130,968,201,663,186,842,167,661,154,261,110,10480,278
0600000US2502746925,2502746925,"Northbridge town, Worcester County, Massachusetts",15934,141,4052,408,327,158,238,121,862,237,874,182,960,225,556,155,235,114,11882,385
0600000US2502747135,2502747135,"North Brookfield town, Worcester County, Massachusetts",4540,91,1070,197,77,52,53,41,115,59,185,82,229,122,333,110,78,54,3470,206
0600000US2502750670,2502750670,"Oakham town, Worcester County, Massachusetts",1776,98,462,53,16,13,21,12,98,42,90,26,100,31,106,27,31,17,1314,86
0600000US2502751825,2502751825,"Oxford town, Worcester County, Massachusetts",13121,279,3448,430,254,137,93,101,764,213,505,163,933,282,745,208,154,78,9673,383
0600000US2502752420,2502752420,"Paxton town, Worcester County, Massachusetts",4697,60,1656,216,84,54,55,29,242,74,250,69,164,58,710,222,151,82,3041,199
0600000US2502753120,2502753120,"Petersham town, Worcester County, Massachusetts",1175,143,248,92,10,8,4,5,28,17,21,14,60,22,119,81,6,7,927,112
0600000US2502753225,2502753225,"Phillipston town, Worcester County, Massachusetts",1575,149,353,62,30,16,9,7,89,25,79,26,77,26,55,20,14,12,1222,130
0600000US2502755395,2502755395,"Princeton town, Worcester County, Massachusetts",3335,60,850,119,54,30,22,24,146,57,200,65,259,67,132,56,37,30,2485,120
0600000US2502758580,2502758580,"Royalston town, Worcester County, Massachusetts",1333,182,268,75,12,10,22,24,61,34,69,37,60,34,38,29,6,7,1065,136
0600000US2502758825,2502758825,"Rutland town, Worcester County, Massachusetts",8162,109,2218,331,200,101,73,59,458,150,588,151,501,160,299,122,99,82,5944,312
0600000US2502761800,2502761800,"Shrewsbury town, Worcester County, Massachusetts",35455,228,10742,586,890,178,365,137,1959,251,2288,349,2742,353,1901,334,597,169,24713,560
0600000US2502763165,2502763165,"Southborough town, Worcester County, Massachusetts",9570,119,2885,176,284,98,93,53,679,128,778,146,642,103,316,98,93,54,6685,183
0600000US2502763345,2502763345,"Southbridge Town city, Worcester County, Massachusetts",16213,151,3849,313,241,99,168,70,951,206,792,182,873,156,685,205,139,88,12364,315
0600000US2502766105,2502766105,"Spencer town, Worcester County, Massachusetts",11203,226,1989,305,154,86,48,48,372,128,621,160,332,108,277,113,185,116,9214,327
0600000US2502767385,2502767385,"Sterling town, Worcester County, Massachusetts",7572,180,1799,259,175,105,74,52,273,106,490,184,477,158,160,81,150,105,5773,206
0600000US2502768155,2502768155,"Sturbridge town, Worcester County, Massachusetts",9211,126,2336,225,215,102,165,96,355,102,597,165,671,159,212,108,121,64,6875,244
0600000US2502768610,2502768610,"Sutton town, Worcester County, Massachusetts",9135,59,2593,278,130,67,95,65,539,136,568,140,822,218,394,136,45,33,6542,279
0600000US2502769275,2502769275,"Templeton town, Worcester County, Massachusetts",7918,109,1697,300,104,78,108,81,335,168,289,136,497,160,309,145,55,48,6221,291
0600000US2502771480,2502771480,"Upton town, Worcester County, Massachusetts",7506,127,2270,245,117,55,124,62,331,127,531,103,740,173,324,107,103,88,5236,202
0600000US2502771620,2502771620,"Uxbridge town, Worcester County, Massachusetts",13351,150,3643,438,184,92,237,106,654,196,748,227,1017,235,541,183,262,158,9708,424
0600000US2502773090,2502773090,"Warren town, Worcester County, Massachusetts",4996,144,952,212,43,54,45,65,221,161,265,132,215,101,115,95,48,73,4044,222
0600000US2502773895,2502773895,"Webster town, Worcester County, Massachusetts",16264,186,3413,410,391,177,247,133,578,174,722,208,770,246,515,167,190,120,12851,376
0600000US2502775015,2502775015,"Westborough town, Worcester County, Massachusetts",18041,159,5069,271,382,103,221,87,977,155,1293,220,1392,179,553,141,251,86,12972,260
0600000US2502775155,2502775155,"West Boylston town, Worcester County, Massachusetts",7694,62,1151,224,80,43,58,33,173,76,264,83,212,68,278,84,86,42,6543,250
0600000US2502775400,2502775400,"West Brookfield town, Worcester County, Massachusetts",3694,68,820,126,125,73,40,25,166,59,139,50,119,51,122,51,109,66,2874,148
0600000US2502777010,2502777010,"Westminster town, Worcester County, Massachusetts",7332,90,1868,231,132,77,50,38,426,144,454,132,300,127,423,133,83,75,5464,207
0600000US2502780405,2502780405,"Winchendon town, Worcester County, Massachusetts",10154,334,2716,342,220,129,127,98,494,166,541,184,722,149,539,181,73,41,7438,344
0600000US2502782000,2502782000,"Worcester city, Worcester County, Massachusetts",177236,431,53557,1339,2442,355,2370,340,8110,545,8274,491,8365,546,19711,1030,4285,525,123679,1370
